[
  {
    "paymentNumber": "P-01260036",
    "paymentId": "8ad08aef827dc6c7018281f284d2796b",
    "invoiceNumber": "FAK06827922",
    "invoiceId": "8ad08ce0827dc62c018281dfed1e4fac",
    "paymentType": "External",
    "paymentEffectiveDate": "2022-08-09T00:00:00",
    "amount": 19,
    "refundedAmount": 0,
    "refundableAmount": 19
  },
  {
    "paymentNumber": "P-01260036",
    "paymentId": "8ad08aef827dc6c7018281f284d2796b",
    "invoiceNumber": "FAK06827948",
    "invoiceId": "8ad08ce0827dc62c018281efa3f45ff9",
    "paymentType": "External",
    "paymentEffectiveDate": "2022-08-09T00:00:00",
    "amount": 169,
    "refundedAmount": 0,
    "refundableAmount": 169
  },
  {
    "paymentNumber": "P-01262548",
    "paymentId": "8ad092dd82c5dd4e0182c8033b5757f9",
    "invoiceNumber": "FAK06827922",
    "invoiceId": "8ad08ce0827dc62c018281dfed1e4fac",
    "paymentType": "Electronic",
    "paymentEffectiveDate": "2022-08-23T00:00:00",
    "amount": 75,
    "refundedAmount": 1,
    "refundableAmount": 74
  },
  {
    "paymentNumber": "P-01260040",
    "paymentId": "8ad0950c8282408f0182824e75d21cba",
    "invoiceNumber": "FAK06828273",
    "invoiceId": "8ad0950c8282408f0182824e74ed1c67",
    "paymentType": "Electronic",
    "paymentEffectiveDate": "2022-08-09T00:00:00",
    "amount": 199,
    "refundedAmount": 1,
    "refundableAmount": 198
  },
  {
    "paymentNumber": "P-01260035",
    "paymentId": "8ad095b8827de001018281e5c5e91fd8",
    "invoiceNumber": "FAK06827922",
    "invoiceId": "8ad08ce0827dc62c018281dfed1e4fac",
    "paymentType": "External",
    "paymentEffectiveDate": "2022-08-09T00:00:00",
    "amount": 200,
    "refundedAmount": 75,
    "refundableAmount": 125
  },
  {
    "paymentNumber": "P-01262725",
    "paymentId": "8ad09f9682ca01470182cd27cc2c035f",
    "invoiceNumber": "FAK06827922",
    "invoiceId": "8ad08ce0827dc62c018281dfed1e4fac",
    "paymentType": "Electronic",
    "paymentEffectiveDate": "2022-08-24T00:00:00",
    "amount": 1,
    "refundedAmount": 0,
    "refundableAmount": 1
  },
  {
    "paymentNumber": "P-01262726",
    "paymentId": "8ad09f9682ca01470182cd27ce97038f",
    "invoiceNumber": "FAK06828273",
    "invoiceId": "8ad0950c8282408f0182824e74ed1c67",
    "paymentType": "Electronic",
    "paymentEffectiveDate": "2022-08-24T00:00:00",
    "amount": 1,
    "refundedAmount": 0,
    "refundableAmount": 1
  }
]
