[
  {
    "id": 126,
    "brand": "JyllandsPosten",
    "comment": "",
    "createdBy": "Klaus Grundahl",
    "creationDate": "2022-08-22T12:51:24.6085712Z",
    "handledBy": null,
    "updateDate": "2022-08-22T12:51:24.6086085Z",
    "refundNumber": null,
    "refundId": null,
    "status": "Created",
    "accountNumber": "K13515617",
    "accountId": "8ad0887e827dc6c9018281c94cc420b6",
    "sourceType": "Payment",
    "paymentNumber": "P-01260036",
    "paymentId": "8ad08aef827dc6c7018281f284d2796b",
    "invoiceNumber": "FAK06827922",
    "invoiceId": "8ad08ce0827dc62c018281dfed1e4fac",
    "refundChannel": "BankTransfer",
    "electronicPaymentMethodId": null,
    "regNr": "1234",
    "kontoNr": "1234567890",
    "amount": 19,
    "sentToEconomyDate": null
  },
  {
    "id": 127,
    "brand": "JyllandsPosten",
    "comment": "",
    "createdBy": "Klaus Grundahl",
    "creationDate": "2022-08-22T12:58:03.1445697Z",
    "handledBy": null,
    "updateDate": "2022-08-22T12:58:03.14457Z",
    "refundNumber": null,
    "refundId": null,
    "status": "Created",
    "accountNumber": "K13515617",
    "accountId": "8ad0887e827dc6c9018281c94cc420b6",
    "sourceType": "Payment",
    "paymentNumber": "P-01260036",
    "paymentId": "8ad08aef827dc6c7018281f284d2796b",
    "invoiceNumber": "FAK06827922",
    "invoiceId": "8ad08ce0827dc62c018281dfed1e4fac",
    "refundChannel": "BankTransfer",
    "electronicPaymentMethodId": null,
    "regNr": "1234",
    "kontoNr": "12312",
    "amount": 19,
    "sentToEconomyDate": null
  },
  {
    "id": 128,
    "brand": "JyllandsPosten",
    "comment": "",
    "createdBy": "Klaus Grundahl",
    "creationDate": "2022-08-22T13:19:38.9802038Z",
    "handledBy": null,
    "updateDate": "2022-08-22T13:19:38.980204Z",
    "refundNumber": null,
    "refundId": null,
    "status": "Created",
    "accountNumber": "K13515617",
    "accountId": "8ad0887e827dc6c9018281c94cc420b6",
    "sourceType": "Payment",
    "paymentNumber": "P-01260036",
    "paymentId": "8ad08aef827dc6c7018281f284d2796b",
    "invoiceNumber": "FAK06827922",
    "invoiceId": "8ad08ce0827dc62c018281dfed1e4fac",
    "refundChannel": "BankTransfer",
    "electronicPaymentMethodId": null,
    "regNr": "1234",
    "kontoNr": "1234567890",
    "amount": 1,
    "sentToEconomyDate": null
  },
  {
    "id": 129,
    "brand": "JyllandsPosten",
    "comment": "",
    "createdBy": "Klaus Grundahl",
    "creationDate": "2022-08-22T13:29:15.0884021Z",
    "handledBy": null,
    "updateDate": "2022-08-22T13:29:15.0884024Z",
    "refundNumber": null,
    "refundId": null,
    "status": "Created",
    "accountNumber": "K13515617",
    "accountId": "8ad0887e827dc6c9018281c94cc420b6",
    "sourceType": "Payment",
    "paymentNumber": "P-01260040",
    "paymentId": "8ad0950c8282408f0182824e75d21cba",
    "invoiceNumber": "FAK06828273",
    "invoiceId": "8ad0950c8282408f0182824e74ed1c67",
    "refundChannel": "CreditCard",
    "electronicPaymentMethodId": null,
    "regNr": null,
    "kontoNr": null,
    "amount": 1,
    "sentToEconomyDate": null
  }
]
