{
  "ssoId": "47fd7f49-3264-4912-beb6-8e983c88a5f1",
  "accountNumber": "K13515617",
  "accountType": "Consumer",
  "id": "8ad0887e827dc6c9018281c94cc420b6",
  "parentId": null,
  "name": "47fd7f49-3264-4912-beb6-8e983c88a5f1",
  "email": "nikolaj.lundsgaard@jp.dk",
  "phone1": null,
  "phone2": null,
  "paymentMethodCreatedDate": null,
  "firstName": "Kreditkort Digital",
  "lastName": "Abonnement",
  "status": "Active",
  "balance": 0.0,
  "paymentMethodName": "CreditCard",
  "paymentTermName": "0",
  "paymentMethodCreditCard": {
    "paymentMethodId": "8ad08871828227c80182824e45b85065",
    "addressLine1": null,
    "addressLine2": null,
    "zipCode": null,
    "city": null,
    "country": null,
    "phone": null,
    "email": null,
    "expirationMonth": 1,
    "expirationYear": 2025,
    "creditCardHolderName": "2022-8-9 13:11",
    "cardNumber": "************1111",
    "cardType": "Visa"
  },
  "paymentMethodMobilePay": null,
  "fullAddress": "Hasselbakken 95  <br />8500 Grenaa",
  "cvr": null,
  "companyName": null,
  "coName": null,
  "gracePeriod": null,
  "eanNumber": null,
  "vatNr": null,
  "invoiceBalance": 0.0,
  "creditBalance": 25.0,
  "countryCode": "DK",
  "consolidatedInvoice": false,
  "surchargeExemption": "Never"
}
