[
  {
    "ssoId": "47fd7f49-3264-4912-beb6-8e983c88a5f1",
    "name": "Kreditkort Digital Abonnement",
    "companyName": null,
    "email": "nikolaj.lundsgaard@jp.dk",
    "dataSource": "Zuora",
    "identType": "Betaleradresse",
    "active": null,
    "zuoraAccountNumber": "K13515617",
    "zuoraSubscriptionNumber": null,
    "zuoraPaymentNumber": null,
    "zuoraInvoiceId": null,
    "zuoraAccountId": null,
    "orderNumber": null
  },
  {
    "ssoId": "b1c789df-db61-4354-bc71-2693d44f7d25",
    "name": "Kreditkort Test",
    "companyName": null,
    "email": null,
    "dataSource": "Zuora",
    "identType": "Betaleradresse",
    "active": null,
    "zuoraAccountNumber": "K06869910",
    "zuoraSubscriptionNumber": null,
    "zuoraPaymentNumber": null,
    "zuoraInvoiceId": null,
    "zuoraAccountId": null,
    "orderNumber": null
  },
  {
    "ssoId": "7949cc0c-fb79-4b08-95a4-e92cddf02968",
    "name": "Kreditkort Udløber december",
    "companyName": null,
    "email": "TLJtestEB+211118C@gmail.com",
    "dataSource": "MedieLogin",
    "identType": "Stamoplysning",
    "active": null,
    "zuoraAccountNumber": null,
    "zuoraSubscriptionNumber": null,
    "zuoraPaymentNumber": null,
    "zuoraInvoiceId": null,
    "zuoraAccountId": null,
    "orderNumber": null
  }
]
