[
  {
    "countryCode": "DK",
    "zipCode": "8800",
    "postalDistrict": "Viborg",
    "street": "Asmild BAger",
    "houseNumber": 1,
    "houseLetter": null,
    "distributorCode": null,
    "masterAddressPointID": 280681373,
    "masterServiceID": null,
    "boxJobNumber": null,
    "label": null,
    "latitude": null,
    "longitude": null,
    "popularName": null,
    "distributionForm": null,
    "distributorPriority": null,
    "weekdayMask": null,
    "publicationCode": null
  },
  {
    "countryCode": "DK",
    "zipCode": "8800",
    "postalDistrict": "Viborg",
    "street": "BAsmild Ager",
    "houseNumber": 2,
    "houseLetter": null,
    "distributorCode": null,
    "masterAddressPointID": 280681378,
    "masterServiceID": null,
    "boxJobNumber": null,
    "label": null,
    "latitude": null,
    "longitude": null,
    "popularName": null,
    "distributionForm": null,
    "distributorPriority": null,
    "weekdayMask": null,
    "publicationCode": null
  },
  {
    "countryCode": "DK",
    "zipCode": "8800",
    "postalDistrict": "Viborg",
    "street": "Asmild Ager",
    "houseNumber": 3,
    "houseLetter": null,
    "distributorCode": null,
    "masterAddressPointID": 280681374,
    "masterServiceID": null,
    "boxJobNumber": null,
    "label": null,
    "latitude": null,
    "longitude": null,
    "popularName": null,
    "distributionForm": null,
    "distributorPriority": null,
    "weekdayMask": null,
    "publicationCode": null
  },
  {
    "countryCode": "DK",
    "zipCode": "8800",
    "postalDistrict": "Viborg",
    "street": "Asmild Ager",
    "houseNumber": 4,
    "houseLetter": null,
    "distributorCode": null,
    "masterAddressPointID": 280681379,
    "masterServiceID": null,
    "boxJobNumber": null,
    "label": null,
    "latitude": null,
    "longitude": null,
    "popularName": null,
    "distributionForm": null,
    "distributorPriority": null,
    "weekdayMask": null,
    "publicationCode": null
  },
  {
    "countryCode": "DK",
    "zipCode": "8800",
    "postalDistrict": "Viborg",
    "street": "Asmild Ager",
    "houseNumber": 5,
    "houseLetter": null,
    "distributorCode": null,
    "masterAddressPointID": 280681375,
    "masterServiceID": null,
    "boxJobNumber": null,
    "label": null,
    "latitude": null,
    "longitude": null,
    "popularName": null,
    "distributionForm": null,
    "distributorPriority": null,
    "weekdayMask": null,
    "publicationCode": null
  },
  {
    "countryCode": "DK",
    "zipCode": "8800",
    "postalDistrict": "Viborg",
    "street": "Asmild Ager",
    "houseNumber": 6,
    "houseLetter": null,
    "distributorCode": null,
    "masterAddressPointID": 280681380,
    "masterServiceID": null,
    "boxJobNumber": null,
    "label": null,
    "latitude": null,
    "longitude": null,
    "popularName": null,
    "distributionForm": null,
    "distributorPriority": null,
    "weekdayMask": null,
    "publicationCode": null
  },
  {
    "countryCode": "DK",
    "zipCode": "8800",
    "postalDistrict": "Viborg",
    "street": "Asmild Ager",
    "houseNumber": 7,
    "houseLetter": null,
    "distributorCode": null,
    "masterAddressPointID": 280681376,
    "masterServiceID": null,
    "boxJobNumber": null,
    "label": null,
    "latitude": null,
    "longitude": null,
    "popularName": null,
    "distributionForm": null,
    "distributorPriority": null,
    "weekdayMask": null,
    "publicationCode": null
  },
  {
    "countryCode": "DK",
    "zipCode": "8800",
    "postalDistrict": "Viborg",
    "street": "Asmild Ager",
    "houseNumber": 8,
    "houseLetter": null,
    "distributorCode": null,
    "masterAddressPointID": 280681381,
    "masterServiceID": null,
    "boxJobNumber": null,
    "label": null,
    "latitude": null,
    "longitude": null,
    "popularName": null,
    "distributionForm": null,
    "distributorPriority": null,
    "weekdayMask": null,
    "publicationCode": null
  },
  {
    "countryCode": "DK",
    "zipCode": "8800",
    "postalDistrict": "Viborg",
    "street": "Asmild Ager",
    "houseNumber": 9,
    "houseLetter": null,
    "distributorCode": null,
    "masterAddressPointID": 280681377,
    "masterServiceID": null,
    "boxJobNumber": null,
    "label": null,
    "latitude": null,
    "longitude": null,
    "popularName": null,
    "distributionForm": null,
    "distributorPriority": null,
    "weekdayMask": null,
    "publicationCode": null
  },
  {
    "countryCode": "DK",
    "zipCode": "8800",
    "postalDistrict": "Viborg",
    "street": "Asmild Ager",
    "houseNumber": 10,
    "houseLetter": null,
    "distributorCode": null,
    "masterAddressPointID": 280681382,
    "masterServiceID": null,
    "boxJobNumber": null,
    "label": null,
    "latitude": null,
    "longitude": null,
    "popularName": null,
    "distributionForm": null,
    "distributorPriority": null,
    "weekdayMask": null,
    "publicationCode": null
  },
  {
    "countryCode": "DK",
    "zipCode": "8800",
    "postalDistrict": "Viborg",
    "street": "Asmild Ager",
    "houseNumber": 12,
    "houseLetter": null,
    "distributorCode": null,
    "masterAddressPointID": 280681383,
    "masterServiceID": null,
    "boxJobNumber": null,
    "label": null,
    "latitude": null,
    "longitude": null,
    "popularName": null,
    "distributionForm": null,
    "distributorPriority": null,
    "weekdayMask": null,
    "publicationCode": null
  }
]
