[
  {
    "masterId": 0,
    "isoCodeA2": "AF",
    "isoCodeA3": "AFG",
    "nameEn": "Afghanistan",
    "nameDk": "Afghanistan"
  },
  {
    "masterId": 0,
    "isoCodeA2": "AL",
    "isoCodeA3": "ALB",
    "nameEn": "Albania",
    "nameDk": "Albanien"
  },
  {
    "masterId": 0,
    "isoCodeA2": "DZ",
    "isoCodeA3": "DZA",
    "nameEn": "Algeria",
    "nameDk": "Algeriet"
  },
  {
    "masterId": 0,
    "isoCodeA2": "AS",
    "isoCodeA3": "ASM",
    "nameEn": "American Samoa",
    "nameDk": "Amerikansk Samoa"
  },
  {
    "masterId": 0,
    "isoCodeA2": "VI",
    "isoCodeA3": "VIR",
    "nameEn": "U.S. Virgin Islands",
    "nameDk": "Amerikanske Jomfruøer"
  },
  {
    "masterId": 0,
    "isoCodeA2": "A1",
    "isoCodeA3": "AN1",
    "nameEn": "Andorra1",
    "nameDk": "Andorra"
  },
  {
    "masterId": 0,
    "isoCodeA2": "AD",
    "isoCodeA3": "AND",
    "nameEn": "Andorra",
    "nameDk": "Andorra"
  },
  { "masterId": 0, "isoCodeA2": "AO", "isoCodeA3": "AGO", "nameEn": "Angola", "nameDk": "Angola" },
  {
    "masterId": 0,
    "isoCodeA2": "AI",
    "isoCodeA3": "AIA",
    "nameEn": "Anguilla",
    "nameDk": "Anguilla"
  },
  {
    "masterId": 0,
    "isoCodeA2": "AQ",
    "isoCodeA3": "ATA",
    "nameEn": "Antarctica",
    "nameDk": "Antarktis Antarktika"
  },
  {
    "masterId": 0,
    "isoCodeA2": "AG",
    "isoCodeA3": "ATG",
    "nameEn": "Antigua & Barbuda",
    "nameDk": "Antigua og Barbuda"
  },
  {
    "masterId": 0,
    "isoCodeA2": "AR",
    "isoCodeA3": "ARG",
    "nameEn": "Argentina",
    "nameDk": "Argentina"
  },
  {
    "masterId": 0,
    "isoCodeA2": "AM",
    "isoCodeA3": "ARM",
    "nameEn": "Armenia",
    "nameDk": "Armenien"
  },
  { "masterId": 0, "isoCodeA2": "AW", "isoCodeA3": "ABW", "nameEn": "Aruba", "nameDk": "Aruba" },
  {
    "masterId": 0,
    "isoCodeA2": "AZ",
    "isoCodeA3": "AZE",
    "nameEn": "Azerbaijan",
    "nameDk": "Aserbajdsjan"
  },
  {
    "masterId": 0,
    "isoCodeA2": "AU",
    "isoCodeA3": "AUS",
    "nameEn": "Australia",
    "nameDk": "Australien"
  },
  {
    "masterId": 0,
    "isoCodeA2": "BS",
    "isoCodeA3": "BHS",
    "nameEn": "Bahamas",
    "nameDk": "Bahamas"
  },
  {
    "masterId": 0,
    "isoCodeA2": "BH",
    "isoCodeA3": "BHR",
    "nameEn": "Bahrain",
    "nameDk": "Bahrain"
  },
  {
    "masterId": 0,
    "isoCodeA2": "BD",
    "isoCodeA3": "BGD",
    "nameEn": "Bangladesh",
    "nameDk": "Bangladesh"
  },
  {
    "masterId": 0,
    "isoCodeA2": "BB",
    "isoCodeA3": "BRB",
    "nameEn": "Barbados",
    "nameDk": "Barbados"
  },
  {
    "masterId": 0,
    "isoCodeA2": "BE",
    "isoCodeA3": "BEL",
    "nameEn": "Belgium",
    "nameDk": "Belgien"
  },
  { "masterId": 0, "isoCodeA2": "BZ", "isoCodeA3": "BLZ", "nameEn": "Belize", "nameDk": "Belize" },
  { "masterId": 0, "isoCodeA2": "BJ", "isoCodeA3": "BEN", "nameEn": "Benin", "nameDk": "Benin" },
  {
    "masterId": 0,
    "isoCodeA2": "BM",
    "isoCodeA3": "BMU",
    "nameEn": "Bermuda",
    "nameDk": "Bermuda"
  },
  { "masterId": 0, "isoCodeA2": "BT", "isoCodeA3": "BTN", "nameEn": "Bhutan", "nameDk": "Bhutan" },
  {
    "masterId": 0,
    "isoCodeA2": "BO",
    "isoCodeA3": "BOL",
    "nameEn": "Bolivia",
    "nameDk": "Bolivia"
  },
  {
    "masterId": 0,
    "isoCodeA2": "BA",
    "isoCodeA3": "BIH",
    "nameEn": "Bosnia",
    "nameDk": "Bosnien-Hercegovina"
  },
  {
    "masterId": 0,
    "isoCodeA2": "BW",
    "isoCodeA3": "BWA",
    "nameEn": "Botswana",
    "nameDk": "Botswana"
  },
  {
    "masterId": 0,
    "isoCodeA2": "BV",
    "isoCodeA3": "BVT",
    "nameEn": "Bouvet Island",
    "nameDk": "Bouvetøen"
  },
  {
    "masterId": 0,
    "isoCodeA2": "BR",
    "isoCodeA3": "BRA",
    "nameEn": "Brazil",
    "nameDk": "Brasilien"
  },
  {
    "masterId": 0,
    "isoCodeA2": "IO",
    "isoCodeA3": "IOT",
    "nameEn": "British Indian Ocean Territory",
    "nameDk": "British Indian Ocean Territory"
  },
  {
    "masterId": 0,
    "isoCodeA2": "VG",
    "isoCodeA3": "VGB",
    "nameEn": "British Virgin Islands",
    "nameDk": "Britiske Jomfruøer"
  },
  { "masterId": 0, "isoCodeA2": "BN", "isoCodeA3": "BRN", "nameEn": "Brunei", "nameDk": "Brunei" },
  {
    "masterId": 0,
    "isoCodeA2": "BG",
    "isoCodeA3": "BGR",
    "nameEn": "Bulgaria",
    "nameDk": "Bulgarien"
  },
  {
    "masterId": 0,
    "isoCodeA2": "BF",
    "isoCodeA3": "BFA",
    "nameEn": "Burkina Faso",
    "nameDk": "Burkina Faso"
  },
  { "masterId": 0, "isoCodeA2": "MM", "isoCodeA3": "MMR", "nameEn": "Myanmar", "nameDk": "Burma" },
  {
    "masterId": 0,
    "isoCodeA2": "BI",
    "isoCodeA3": "BDI",
    "nameEn": "Burundi",
    "nameDk": "Burundi"
  },
  {
    "masterId": 0,
    "isoCodeA2": "KH",
    "isoCodeA3": "KHM",
    "nameEn": "Cambodia",
    "nameDk": "Cambodja"
  },
  {
    "masterId": 0,
    "isoCodeA2": "CM",
    "isoCodeA3": "CMR",
    "nameEn": "Cameroon",
    "nameDk": "Cameroun"
  },
  { "masterId": 0, "isoCodeA2": "CA", "isoCodeA3": "CAN", "nameEn": "Canada", "nameDk": "Canada" },
  {
    "masterId": 0,
    "isoCodeA2": "KY",
    "isoCodeA3": "CYM",
    "nameEn": "Cayman Islands",
    "nameDk": "Caymanøerne"
  },
  {
    "masterId": 0,
    "isoCodeA2": "CF",
    "isoCodeA3": "CAF",
    "nameEn": "Central African Republic",
    "nameDk": "Centralafrikanske Republik"
  },
  { "masterId": 0, "isoCodeA2": "CL", "isoCodeA3": "CHL", "nameEn": "Chile", "nameDk": "Chile" },
  {
    "masterId": 0,
    "isoCodeA2": "CC",
    "isoCodeA3": "CCK",
    "nameEn": "Cocos (Keeling) Islands",
    "nameDk": "Cocosøerne"
  },
  {
    "masterId": 0,
    "isoCodeA2": "CO",
    "isoCodeA3": "COL",
    "nameEn": "Colombia",
    "nameDk": "Colombia"
  },
  {
    "masterId": 0,
    "isoCodeA2": "KM",
    "isoCodeA3": "COM",
    "nameEn": "Comoros",
    "nameDk": "Comorerne"
  },
  {
    "masterId": 0,
    "isoCodeA2": "CG",
    "isoCodeA3": "COG",
    "nameEn": "Congo - Brazzaville",
    "nameDk": "Congo"
  },
  {
    "masterId": 0,
    "isoCodeA2": "CK",
    "isoCodeA3": "COK",
    "nameEn": "Cook Islands",
    "nameDk": "Cookøerne"
  },
  {
    "masterId": 0,
    "isoCodeA2": "CR",
    "isoCodeA3": "CRI",
    "nameEn": "Costa Rica",
    "nameDk": "Costa Rica"
  },
  { "masterId": 0, "isoCodeA2": "CU", "isoCodeA3": "CUB", "nameEn": "Cuba", "nameDk": "Cuba" },
  {
    "masterId": 0,
    "isoCodeA2": "CW",
    "isoCodeA3": "CUW",
    "nameEn": "Curaçao",
    "nameDk": "Curaçao"
  },
  { "masterId": 0, "isoCodeA2": "CY", "isoCodeA3": "CYP", "nameEn": "Cyprus", "nameDk": "Cypern" },
  {
    "masterId": 2,
    "isoCodeA2": "DK",
    "isoCodeA3": "DNK",
    "nameEn": "Denmark",
    "nameDk": "Danmark"
  },
  {
    "masterId": 0,
    "isoCodeA2": "CD",
    "isoCodeA3": "COD",
    "nameEn": "Congo - Kinshasa",
    "nameDk": "Demokratiske Republik Congo"
  },
  {
    "masterId": 0,
    "isoCodeA2": "DJ",
    "isoCodeA3": "DJI",
    "nameEn": "Djibouti",
    "nameDk": "Djibouti"
  },
  {
    "masterId": 0,
    "isoCodeA2": "DM",
    "isoCodeA3": "DMA",
    "nameEn": "Dominica",
    "nameDk": "Dominica"
  },
  {
    "masterId": 0,
    "isoCodeA2": "DO",
    "isoCodeA3": "DOM",
    "nameEn": "Dominican Republic",
    "nameDk": "Dominikanske Republik"
  },
  {
    "masterId": 0,
    "isoCodeA2": "EC",
    "isoCodeA3": "ECU",
    "nameEn": "Ecuador",
    "nameDk": "Ecuador"
  },
  { "masterId": 0, "isoCodeA2": "EG", "isoCodeA3": "EGY", "nameEn": "Egypt", "nameDk": "Egypten" },
  {
    "masterId": 0,
    "isoCodeA2": "SV",
    "isoCodeA3": "SLV",
    "nameEn": "El Salvador",
    "nameDk": "El Salvador"
  },
  {
    "masterId": 0,
    "isoCodeA2": "CI",
    "isoCodeA3": "CIV",
    "nameEn": "Côte d’Ivoire",
    "nameDk": "Elfenbenskysten"
  },
  {
    "masterId": 0,
    "isoCodeA2": "ER",
    "isoCodeA3": "ERI",
    "nameEn": "Eritrea",
    "nameDk": "Eritrea"
  },
  {
    "masterId": 41,
    "isoCodeA2": "EE",
    "isoCodeA3": "EST",
    "nameEn": "Estonia",
    "nameDk": "Estland"
  },
  {
    "masterId": 0,
    "isoCodeA2": "ET",
    "isoCodeA3": "ETH",
    "nameEn": "Ethiopia",
    "nameDk": "Etiopien"
  },
  {
    "masterId": 0,
    "isoCodeA2": "FK",
    "isoCodeA3": "FLK",
    "nameEn": "Falkland Islands",
    "nameDk": "Falklandsøerne"
  },
  { "masterId": 0, "isoCodeA2": "FJ", "isoCodeA3": "FJI", "nameEn": "Fiji", "nameDk": "Fiji" },
  {
    "masterId": 0,
    "isoCodeA2": "PH",
    "isoCodeA3": "PHL",
    "nameEn": "Philippines",
    "nameDk": "Filippinerne"
  },
  {
    "masterId": 4,
    "isoCodeA2": "FI",
    "isoCodeA3": "FIN",
    "nameEn": "Finland",
    "nameDk": "Finland"
  },
  {
    "masterId": 0,
    "isoCodeA2": "AE",
    "isoCodeA3": "ARE",
    "nameEn": "United Arab Emirates",
    "nameDk": "Forenede Arabiske Emirater"
  },
  {
    "masterId": 13,
    "isoCodeA2": "FR",
    "isoCodeA3": "FRA",
    "nameEn": "France",
    "nameDk": "Frankrig"
  },
  {
    "masterId": 0,
    "isoCodeA2": "GF",
    "isoCodeA3": "GUF",
    "nameEn": "French Guiana",
    "nameDk": "Fransk Guiana"
  },
  {
    "masterId": 0,
    "isoCodeA2": "PF",
    "isoCodeA3": "PYF",
    "nameEn": "French Polynesia",
    "nameDk": "Fransk Polynesien"
  },
  {
    "masterId": 0,
    "isoCodeA2": "TF",
    "isoCodeA3": "ATF",
    "nameEn": "French Southern Territories",
    "nameDk": "Franske Sydterritorier"
  },
  {
    "masterId": 3,
    "isoCodeA2": "FO",
    "isoCodeA3": "FRO",
    "nameEn": "Faroe Islands",
    "nameDk": "Færøerne"
  },
  { "masterId": 0, "isoCodeA2": "GA", "isoCodeA3": "GAB", "nameEn": "Gabon", "nameDk": "Gabon" },
  { "masterId": 0, "isoCodeA2": "GM", "isoCodeA3": "GMB", "nameEn": "Gambia", "nameDk": "Gambia" },
  {
    "masterId": 0,
    "isoCodeA2": "GE",
    "isoCodeA3": "GEO",
    "nameEn": "Georgia",
    "nameDk": "Georgien"
  },
  { "masterId": 0, "isoCodeA2": "GH", "isoCodeA3": "GHA", "nameEn": "Ghana", "nameDk": "Ghana" },
  {
    "masterId": 0,
    "isoCodeA2": "GI",
    "isoCodeA3": "GIB",
    "nameEn": "Gibraltar",
    "nameDk": "Gibraltar"
  },
  {
    "masterId": 0,
    "isoCodeA2": "GD",
    "isoCodeA3": "GRD",
    "nameEn": "Grenada",
    "nameDk": "Grenada"
  },
  {
    "masterId": 0,
    "isoCodeA2": "GR",
    "isoCodeA3": "GRC",
    "nameEn": "Greece",
    "nameDk": "Grækenland"
  },
  {
    "masterId": 5,
    "isoCodeA2": "GL",
    "isoCodeA3": "GRL",
    "nameEn": "Greenland",
    "nameDk": "Grønland"
  },
  {
    "masterId": 0,
    "isoCodeA2": "GP",
    "isoCodeA3": "GLP",
    "nameEn": "Guadeloupe",
    "nameDk": "Guadeloupe"
  },
  { "masterId": 0, "isoCodeA2": "GU", "isoCodeA3": "GUM", "nameEn": "Guam", "nameDk": "Guam" },
  {
    "masterId": 0,
    "isoCodeA2": "GT",
    "isoCodeA3": "GTM",
    "nameEn": "Guatemala",
    "nameDk": "Guatemala"
  },
  {
    "masterId": 0,
    "isoCodeA2": "GG",
    "isoCodeA3": "GGY",
    "nameEn": "Guernsey",
    "nameDk": "Guernsey"
  },
  { "masterId": 0, "isoCodeA2": "GN", "isoCodeA3": "GIN", "nameEn": "Guinea", "nameDk": "Guinea" },
  {
    "masterId": 0,
    "isoCodeA2": "GW",
    "isoCodeA3": "GNB",
    "nameEn": "Guinea-Bissau",
    "nameDk": "Guinea-Bissau"
  },
  { "masterId": 0, "isoCodeA2": "GY", "isoCodeA3": "GUY", "nameEn": "Guyana", "nameDk": "Guyana" },
  { "masterId": 0, "isoCodeA2": "HT", "isoCodeA3": "HTI", "nameEn": "Haiti", "nameDk": "Haiti" },
  {
    "masterId": 0,
    "isoCodeA2": "HM",
    "isoCodeA3": "HMD",
    "nameEn": "Heard & McDonald Islands",
    "nameDk": "Heard-øen og McDonald-øerne"
  },
  {
    "masterId": 12,
    "isoCodeA2": "NL",
    "isoCodeA3": "NLD",
    "nameEn": "Netherlands",
    "nameDk": "Holland"
  },
  {
    "masterId": 0,
    "isoCodeA2": "HN",
    "isoCodeA3": "HND",
    "nameEn": "Honduras",
    "nameDk": "Honduras"
  },
  {
    "masterId": 56,
    "isoCodeA2": "HK",
    "isoCodeA3": "HKG",
    "nameEn": "Hong Kong",
    "nameDk": "Hong Kong"
  },
  {
    "masterId": 0,
    "isoCodeA2": "BY",
    "isoCodeA3": "BLR",
    "nameEn": "Belarus",
    "nameDk": "Hviderusland"
  },
  { "masterId": 0, "isoCodeA2": "IN", "isoCodeA3": "IND", "nameEn": "India", "nameDk": "Indien" },
  {
    "masterId": 0,
    "isoCodeA2": "ID",
    "isoCodeA3": "IDN",
    "nameEn": "Indonesia",
    "nameDk": "Indonesien"
  },
  { "masterId": 0, "isoCodeA2": "IQ", "isoCodeA3": "IRQ", "nameEn": "Iraq", "nameDk": "Irak" },
  { "masterId": 0, "isoCodeA2": "IR", "isoCodeA3": "IRN", "nameEn": "Iran", "nameDk": "Iran" },
  {
    "masterId": 26,
    "isoCodeA2": "IE",
    "isoCodeA3": "IRE",
    "nameEn": "Ireland",
    "nameDk": "Irland"
  },
  { "masterId": 6, "isoCodeA2": "IS", "isoCodeA3": "ISL", "nameEn": "Iceland", "nameDk": "Island" },
  {
    "masterId": 0,
    "isoCodeA2": "IM",
    "isoCodeA3": "IMN",
    "nameEn": "Isle of Man",
    "nameDk": "Isle of Man"
  },
  { "masterId": 0, "isoCodeA2": "IL", "isoCodeA3": "ISR", "nameEn": "Israel", "nameDk": "Israel" },
  { "masterId": 11, "isoCodeA2": "IT", "isoCodeA3": "ITA", "nameEn": "Italy", "nameDk": "Italien" },
  {
    "masterId": 0,
    "isoCodeA2": "JM",
    "isoCodeA3": "JAM",
    "nameEn": "Jamaica",
    "nameDk": "Jamaica"
  },
  { "masterId": 0, "isoCodeA2": "JP", "isoCodeA3": "JPN", "nameEn": "Japan", "nameDk": "Japan" },
  { "masterId": 0, "isoCodeA2": "JE", "isoCodeA3": "JEY", "nameEn": "Jersey", "nameDk": "Jersey" },
  { "masterId": 0, "isoCodeA2": "JO", "isoCodeA3": "JOR", "nameEn": "Jordan", "nameDk": "Jordan" },
  {
    "masterId": 0,
    "isoCodeA2": "CX",
    "isoCodeA3": "CXR",
    "nameEn": "Christmas Island",
    "nameDk": "Juleøen"
  },
  {
    "masterId": 0,
    "isoCodeA2": "CV",
    "isoCodeA3": "CPV",
    "nameEn": "Cape Verde",
    "nameDk": "Kap Verde"
  },
  {
    "masterId": 0,
    "isoCodeA2": "KZ",
    "isoCodeA3": "KAZ",
    "nameEn": "Kazakhstan",
    "nameDk": "Kasakhstan"
  },
  { "masterId": 0, "isoCodeA2": "KE", "isoCodeA3": "KEN", "nameEn": "Kenya", "nameDk": "Kenya" },
  { "masterId": 0, "isoCodeA2": "CN", "isoCodeA3": "CHN", "nameEn": "China", "nameDk": "Kina" },
  {
    "masterId": 0,
    "isoCodeA2": "KG",
    "isoCodeA3": "KGZ",
    "nameEn": "Kyrgyzstan",
    "nameDk": "Kirgisistan"
  },
  {
    "masterId": 0,
    "isoCodeA2": "KI",
    "isoCodeA3": "KIR",
    "nameEn": "Kiribati",
    "nameDk": "Kiribati"
  },
  {
    "masterId": 0,
    "isoCodeA2": "HR",
    "isoCodeA3": "HRV",
    "nameEn": "Croatia",
    "nameDk": "Kroatien"
  },
  { "masterId": 0, "isoCodeA2": "KW", "isoCodeA3": "KWT", "nameEn": "Kuwait", "nameDk": "Kuwait" },
  { "masterId": 0, "isoCodeA2": "LA", "isoCodeA3": "LAO", "nameEn": "Laos", "nameDk": "Laos" },
  {
    "masterId": 0,
    "isoCodeA2": "LS",
    "isoCodeA3": "LSO",
    "nameEn": "Lesotho",
    "nameDk": "Lesotho"
  },
  {
    "masterId": 36,
    "isoCodeA2": "LV",
    "isoCodeA3": "LVA",
    "nameEn": "Latvia",
    "nameDk": "Letland"
  },
  {
    "masterId": 0,
    "isoCodeA2": "LB",
    "isoCodeA3": "LBN",
    "nameEn": "Lebanon",
    "nameDk": "Libanon"
  },
  {
    "masterId": 0,
    "isoCodeA2": "LR",
    "isoCodeA3": "LBR",
    "nameEn": "Liberia",
    "nameDk": "Liberia"
  },
  { "masterId": 0, "isoCodeA2": "LY", "isoCodeA3": "LBY", "nameEn": "Libya", "nameDk": "Libyen" },
  {
    "masterId": 0,
    "isoCodeA2": "LI",
    "isoCodeA3": "LIE",
    "nameEn": "Liechtenstein",
    "nameDk": "Liechtenstein"
  },
  {
    "masterId": 46,
    "isoCodeA2": "LT",
    "isoCodeA3": "LTU",
    "nameEn": "Lithuania",
    "nameDk": "Litauen"
  },
  {
    "masterId": 31,
    "isoCodeA2": "LU",
    "isoCodeA3": "LUX",
    "nameEn": "Luxenbourg",
    "nameDk": "Luxenbourg"
  },
  { "masterId": 0, "isoCodeA2": "MO", "isoCodeA3": "MAC", "nameEn": "Macau", "nameDk": "Macao" },
  {
    "masterId": 0,
    "isoCodeA2": "MG",
    "isoCodeA3": "MDG",
    "nameEn": "Madagascar",
    "nameDk": "Madagaskar"
  },
  {
    "masterId": 0,
    "isoCodeA2": "MK",
    "isoCodeA3": "MKD",
    "nameEn": "Macedonia",
    "nameDk": "Makedonien"
  },
  { "masterId": 0, "isoCodeA2": "MW", "isoCodeA3": "MWI", "nameEn": "Malawi", "nameDk": "Malawi" },
  {
    "masterId": 0,
    "isoCodeA2": "MY",
    "isoCodeA3": "MYS",
    "nameEn": "Malaysia",
    "nameDk": "Malaysia"
  },
  {
    "masterId": 0,
    "isoCodeA2": "MV",
    "isoCodeA3": "MDV",
    "nameEn": "Maldives",
    "nameDk": "Maldiverne"
  },
  { "masterId": 0, "isoCodeA2": "ML", "isoCodeA3": "MLI", "nameEn": "Mali", "nameDk": "Mali" },
  { "masterId": 0, "isoCodeA2": "MT", "isoCodeA3": "MLT", "nameEn": "Malta", "nameDk": "Malta" },
  {
    "masterId": 0,
    "isoCodeA2": "MA",
    "isoCodeA3": "MAR",
    "nameEn": "Morocco",
    "nameDk": "Marokko"
  },
  {
    "masterId": 0,
    "isoCodeA2": "MH",
    "isoCodeA3": "MHL",
    "nameEn": "Marshall Islands",
    "nameDk": "Marshalløerne"
  },
  {
    "masterId": 0,
    "isoCodeA2": "MQ",
    "isoCodeA3": "MTQ",
    "nameEn": "Martinique",
    "nameDk": "Martinique"
  },
  {
    "masterId": 0,
    "isoCodeA2": "MR",
    "isoCodeA3": "MRT",
    "nameEn": "Mauritania",
    "nameDk": "Mauretanien"
  },
  {
    "masterId": 0,
    "isoCodeA2": "MU",
    "isoCodeA3": "MUS",
    "nameEn": "Mauritius",
    "nameDk": "Mauritius"
  },
  {
    "masterId": 0,
    "isoCodeA2": "YT",
    "isoCodeA3": "MYT",
    "nameEn": "Mayotte",
    "nameDk": "Mayotte"
  },
  { "masterId": 0, "isoCodeA2": "MX", "isoCodeA3": "MEX", "nameEn": "Mexico", "nameDk": "Mexico" },
  {
    "masterId": 0,
    "isoCodeA2": "FM",
    "isoCodeA3": "FSM",
    "nameEn": "Micronesia",
    "nameDk": "Mikronesien"
  },
  {
    "masterId": 0,
    "isoCodeA2": "MD",
    "isoCodeA3": "MDA",
    "nameEn": "Moldova",
    "nameDk": "Moldova"
  },
  { "masterId": 0, "isoCodeA2": "MC", "isoCodeA3": "MCO", "nameEn": "Monaco", "nameDk": "Monaco" },
  {
    "masterId": 0,
    "isoCodeA2": "MN",
    "isoCodeA3": "MNG",
    "nameEn": "Mongolia",
    "nameDk": "Mongoliet"
  },
  {
    "masterId": 0,
    "isoCodeA2": "ME",
    "isoCodeA3": "MNE",
    "nameEn": "Montenegro",
    "nameDk": "Montenegro"
  },
  {
    "masterId": 0,
    "isoCodeA2": "MS",
    "isoCodeA3": "MSR",
    "nameEn": "Montserrat",
    "nameDk": "Montserrat"
  },
  {
    "masterId": 0,
    "isoCodeA2": "MZ",
    "isoCodeA3": "MOZ",
    "nameEn": "Mozambique",
    "nameDk": "Mozambique"
  },
  {
    "masterId": 0,
    "isoCodeA2": "NA",
    "isoCodeA3": "NAM",
    "nameEn": "Namibia",
    "nameDk": "Namibia"
  },
  { "masterId": 0, "isoCodeA2": "NR", "isoCodeA3": "NRU", "nameEn": "Nauru", "nameDk": "Nauru" },
  {
    "masterId": 0,
    "isoCodeA2": "BQ",
    "isoCodeA3": "BES",
    "nameEn": "Caribbean Netherlands",
    "nameDk": "Nederlandske Antiller"
  },
  { "masterId": 0, "isoCodeA2": "NP", "isoCodeA3": "NPL", "nameEn": "Nepal", "nameDk": "Nepal" },
  {
    "masterId": 0,
    "isoCodeA2": "NZ",
    "isoCodeA3": "NZL",
    "nameEn": "New Zealand",
    "nameDk": "New Zealand"
  },
  {
    "masterId": 0,
    "isoCodeA2": "NI",
    "isoCodeA3": "NIC",
    "nameEn": "Nicaragua",
    "nameDk": "Nicaragua"
  },
  { "masterId": 0, "isoCodeA2": "NE", "isoCodeA3": "NER", "nameEn": "Niger", "nameDk": "Niger" },
  {
    "masterId": 0,
    "isoCodeA2": "NG",
    "isoCodeA3": "NGA",
    "nameEn": "Nigeria",
    "nameDk": "Nigeria"
  },
  { "masterId": 0, "isoCodeA2": "NU", "isoCodeA3": "NIU", "nameEn": "Niue", "nameDk": "Niue" },
  {
    "masterId": 0,
    "isoCodeA2": "KP",
    "isoCodeA3": "PRK",
    "nameEn": "North Korea",
    "nameDk": "Nordkorea"
  },
  {
    "masterId": 0,
    "isoCodeA2": "MP",
    "isoCodeA3": "MNP",
    "nameEn": "Northern Mariana Islands",
    "nameDk": "Nordmarianerne"
  },
  {
    "masterId": 0,
    "isoCodeA2": "NF",
    "isoCodeA3": "NFK",
    "nameEn": "Norfolk Island",
    "nameDk": "Norfolk Island"
  },
  { "masterId": 7, "isoCodeA2": "NO", "isoCodeA3": "NOR", "nameEn": "Norway", "nameDk": "Norge" },
  {
    "masterId": 0,
    "isoCodeA2": "SJ",
    "isoCodeA3": "SJM",
    "nameEn": "Svalbard & Jan Mayen",
    "nameDk": "Norge Svalbard og Jan Mayen"
  },
  {
    "masterId": 0,
    "isoCodeA2": "NC",
    "isoCodeA3": "NCL",
    "nameEn": "New Caledonia",
    "nameDk": "Ny Kaledonien"
  },
  { "masterId": 0, "isoCodeA2": "OM", "isoCodeA3": "OMN", "nameEn": "Oman", "nameDk": "Oman" },
  {
    "masterId": 0,
    "isoCodeA2": "PK",
    "isoCodeA3": "PAK",
    "nameEn": "Pakistan",
    "nameDk": "Pakistan"
  },
  { "masterId": 0, "isoCodeA2": "PW", "isoCodeA3": "PLW", "nameEn": "Palau", "nameDk": "Palau" },
  {
    "masterId": 0,
    "isoCodeA2": "PS",
    "isoCodeA3": "PSE",
    "nameEn": "Palestine",
    "nameDk": "Palæstina"
  },
  { "masterId": 0, "isoCodeA2": "PA", "isoCodeA3": "PAN", "nameEn": "Panama", "nameDk": "Panama" },
  {
    "masterId": 0,
    "isoCodeA2": "PG",
    "isoCodeA3": "PNG",
    "nameEn": "Papua New Guinea",
    "nameDk": "Papua Ny Guinea"
  },
  {
    "masterId": 0,
    "isoCodeA2": "PY",
    "isoCodeA3": "PRY",
    "nameEn": "Paraguay",
    "nameDk": "Paraguay"
  },
  { "masterId": 0, "isoCodeA2": "PE", "isoCodeA3": "PER", "nameEn": "Peru", "nameDk": "Peru" },
  {
    "masterId": 0,
    "isoCodeA2": "PN",
    "isoCodeA3": "PCN",
    "nameEn": "Pitcairn Islands",
    "nameDk": "Pitcairn"
  },
  { "masterId": 51, "isoCodeA2": "PL", "isoCodeA3": "POL", "nameEn": "Poland", "nameDk": "Polen" },
  {
    "masterId": 61,
    "isoCodeA2": "PT",
    "isoCodeA3": "PRT",
    "nameEn": "Portugal",
    "nameDk": "Portugal"
  },
  {
    "masterId": 0,
    "isoCodeA2": "PR",
    "isoCodeA3": "PRI",
    "nameEn": "Puerto Rico",
    "nameDk": "Puerto Rico"
  },
  { "masterId": 0, "isoCodeA2": "QA", "isoCodeA3": "QAT", "nameEn": "Qatar", "nameDk": "Qatar" },
  {
    "masterId": 0,
    "isoCodeA2": "TW",
    "isoCodeA3": "TWN",
    "nameEn": "Taiwan",
    "nameDk": "Republikken Kina Taiwan"
  },
  {
    "masterId": 0,
    "isoCodeA2": "RE",
    "isoCodeA3": "REU",
    "nameEn": "Réunion",
    "nameDk": "Réunion"
  },
  {
    "masterId": 0,
    "isoCodeA2": "RO",
    "isoCodeA3": "ROU",
    "nameEn": "Romania",
    "nameDk": "Rumænien"
  },
  { "masterId": 0, "isoCodeA2": "RU", "isoCodeA3": "RUS", "nameEn": "Russia", "nameDk": "Rusland" },
  { "masterId": 0, "isoCodeA2": "RW", "isoCodeA3": "RWA", "nameEn": "Rwanda", "nameDk": "Rwanda" },
  {
    "masterId": 0,
    "isoCodeA2": "KN",
    "isoCodeA3": "KNA",
    "nameEn": "St. Kitts & Nevis",
    "nameDk": "Saint Kitts og Nevis"
  },
  {
    "masterId": 0,
    "isoCodeA2": "LC",
    "isoCodeA3": "LCA",
    "nameEn": "St. Lucia",
    "nameDk": "Saint Lucia"
  },
  {
    "masterId": 0,
    "isoCodeA2": "VC",
    "isoCodeA3": "VCT",
    "nameEn": "St. Vincent & Grenadines",
    "nameDk": "Saint Vincent og Grenadinerne"
  },
  {
    "masterId": 0,
    "isoCodeA2": "PM",
    "isoCodeA3": "SPM",
    "nameEn": "St. Pierre & Miquelon",
    "nameDk": "Saint-Pierre og Miquelon"
  },
  {
    "masterId": 0,
    "isoCodeA2": "SB",
    "isoCodeA3": "SLB",
    "nameEn": "Solomon Islands",
    "nameDk": "Salomonøerne"
  },
  { "masterId": 0, "isoCodeA2": "WS", "isoCodeA3": "WSM", "nameEn": "Samoa", "nameDk": "Samoa" },
  {
    "masterId": 0,
    "isoCodeA2": "SM",
    "isoCodeA3": "SMR",
    "nameEn": "San Marino",
    "nameDk": "San Marino"
  },
  {
    "masterId": 0,
    "isoCodeA2": "SH",
    "isoCodeA3": "SHN",
    "nameEn": "St. Helena",
    "nameDk": "Sankt Helena"
  },
  {
    "masterId": 0,
    "isoCodeA2": "ST",
    "isoCodeA3": "STP",
    "nameEn": "São Tomé & Príncipe",
    "nameDk": "São Tomé og Príncipe"
  },
  {
    "masterId": 0,
    "isoCodeA2": "SA",
    "isoCodeA3": "SAU",
    "nameEn": "Saudi Arabia",
    "nameDk": "Saudi-Arabien"
  },
  {
    "masterId": 18,
    "isoCodeA2": "CH",
    "isoCodeA3": "CHE",
    "nameEn": "Switzerland",
    "nameDk": "Schweiz"
  },
  {
    "masterId": 0,
    "isoCodeA2": "SN",
    "isoCodeA3": "SEN",
    "nameEn": "Senegal",
    "nameDk": "Senegal"
  },
  { "masterId": 0, "isoCodeA2": "RS", "isoCodeA3": "SRB", "nameEn": "Serbia", "nameDk": "Serbien" },
  {
    "masterId": 0,
    "isoCodeA2": "SC",
    "isoCodeA3": "SYC",
    "nameEn": "Seychelles",
    "nameDk": "Seychellerne"
  },
  {
    "masterId": 0,
    "isoCodeA2": "SL",
    "isoCodeA3": "SLE",
    "nameEn": "Sierra Leone",
    "nameDk": "Sierra Leone"
  },
  {
    "masterId": 0,
    "isoCodeA2": "SG",
    "isoCodeA3": "SGP",
    "nameEn": "Singapore",
    "nameDk": "Singapore"
  },
  {
    "masterId": 0,
    "isoCodeA2": "SX",
    "isoCodeA3": "SXM",
    "nameEn": "Sint Maarten",
    "nameDk": "Sint Maarten"
  },
  {
    "masterId": 0,
    "isoCodeA2": "SK",
    "isoCodeA3": "SVK",
    "nameEn": "Slovakia",
    "nameDk": "Slovakiet"
  },
  {
    "masterId": 0,
    "isoCodeA2": "SI",
    "isoCodeA3": "SVN",
    "nameEn": "Slovenia",
    "nameDk": "Slovenien"
  },
  {
    "masterId": 0,
    "isoCodeA2": "SO",
    "isoCodeA3": "SOM",
    "nameEn": "Somalia",
    "nameDk": "Somalia"
  },
  {
    "masterId": 0,
    "isoCodeA2": "GS",
    "isoCodeA3": "SGS",
    "nameEn": "South Georgia & South Sandwich Islands",
    "nameDk": "South Georgia og South Sandwich Islands"
  },
  { "masterId": 16, "isoCodeA2": "ES", "isoCodeA3": "ESP", "nameEn": "Spain", "nameDk": "Spanien" },
  {
    "masterId": 0,
    "isoCodeA2": "LK",
    "isoCodeA3": "LKA",
    "nameEn": "Sri Lanka",
    "nameDk": "Sri Lanka"
  },
  {
    "masterId": 0,
    "isoCodeA2": "BL",
    "isoCodeA3": "BLM",
    "nameEn": "St. Barthélemy",
    "nameDk": "St. Barthélemy"
  },
  {
    "masterId": 0,
    "isoCodeA2": "MF",
    "isoCodeA3": "MAF",
    "nameEn": "St. Martin",
    "nameDk": "St. Martin"
  },
  {
    "masterId": 9,
    "isoCodeA2": "GB",
    "isoCodeA3": "GBR",
    "nameEn": "Great Britain",
    "nameDk": "Storbritanien"
  },
  { "masterId": 0, "isoCodeA2": "SD", "isoCodeA3": "SDN", "nameEn": "Sudan", "nameDk": "Sudan" },
  {
    "masterId": 0,
    "isoCodeA2": "SR",
    "isoCodeA3": "SUR",
    "nameEn": "Suriname",
    "nameDk": "Surinam"
  },
  { "masterId": 8, "isoCodeA2": "SE", "isoCodeA3": "SWE", "nameEn": "Sweden", "nameDk": "Sverige" },
  {
    "masterId": 0,
    "isoCodeA2": "SZ",
    "isoCodeA3": "SWZ",
    "nameEn": "Swaziland",
    "nameDk": "Swaziland"
  },
  {
    "masterId": 0,
    "isoCodeA2": "ZA",
    "isoCodeA3": "ZAF",
    "nameEn": "South Africa",
    "nameDk": "Sydafrika"
  },
  {
    "masterId": 0,
    "isoCodeA2": "KR",
    "isoCodeA3": "KOR",
    "nameEn": "South Korea",
    "nameDk": "Sydkorea"
  },
  {
    "masterId": 0,
    "isoCodeA2": "SS",
    "isoCodeA3": "SSD",
    "nameEn": "South Sudan",
    "nameDk": "Sydsudan"
  },
  { "masterId": 0, "isoCodeA2": "SY", "isoCodeA3": "SYR", "nameEn": "Syria", "nameDk": "Syrien" },
  {
    "masterId": 0,
    "isoCodeA2": "TJ",
    "isoCodeA3": "TJK",
    "nameEn": "Tajikistan",
    "nameDk": "Tadsjikistan"
  },
  {
    "masterId": 0,
    "isoCodeA2": "TZ",
    "isoCodeA3": "TZA",
    "nameEn": "Tanzania",
    "nameDk": "Tanzania"
  },
  { "masterId": 0, "isoCodeA2": "TD", "isoCodeA3": "TCD", "nameEn": "Chad", "nameDk": "Tchad" },
  {
    "masterId": 0,
    "isoCodeA2": "TH",
    "isoCodeA3": "THA",
    "nameEn": "Thailand",
    "nameDk": "Thailand"
  },
  {
    "masterId": 21,
    "isoCodeA2": "CZ",
    "isoCodeA3": "CZE",
    "nameEn": "Czech Republic",
    "nameDk": "Tjekkiet"
  },
  { "masterId": 0, "isoCodeA2": "TG", "isoCodeA3": "TGO", "nameEn": "Togo", "nameDk": "Togo" },
  {
    "masterId": 0,
    "isoCodeA2": "TK",
    "isoCodeA3": "TKL",
    "nameEn": "Tokelau",
    "nameDk": "Tokelau"
  },
  { "masterId": 0, "isoCodeA2": "TO", "isoCodeA3": "TON", "nameEn": "Tonga", "nameDk": "Tonga" },
  {
    "masterId": 0,
    "isoCodeA2": "TT",
    "isoCodeA3": "TTO",
    "nameEn": "Trinidad & Tobago",
    "nameDk": "Trinidad og Tobago"
  },
  {
    "masterId": 0,
    "isoCodeA2": "TN",
    "isoCodeA3": "TUN",
    "nameEn": "Tunisia",
    "nameDk": "Tunesien"
  },
  {
    "masterId": 0,
    "isoCodeA2": "TM",
    "isoCodeA3": "TKM",
    "nameEn": "Turkmenistan",
    "nameDk": "Turkmenistan"
  },
  {
    "masterId": 0,
    "isoCodeA2": "TC",
    "isoCodeA3": "TCA",
    "nameEn": "Turks & Caicos Islands",
    "nameDk": "Turks- og Caicosøerne"
  },
  { "masterId": 0, "isoCodeA2": "TV", "isoCodeA3": "TUV", "nameEn": "Tuvalu", "nameDk": "Tuvalu" },
  {
    "masterId": 66,
    "isoCodeA2": "TR",
    "isoCodeA3": "TUR",
    "nameEn": "Turkey",
    "nameDk": "Tyrkiet"
  },
  {
    "masterId": 10,
    "isoCodeA2": "DE",
    "isoCodeA3": "DEU",
    "nameEn": "Germany",
    "nameDk": "Tyskland"
  },
  { "masterId": 0, "isoCodeA2": "UG", "isoCodeA3": "UGA", "nameEn": "Uganda", "nameDk": "Uganda" },
  { "masterId": 1, "isoCodeA2": "NM", "isoCodeA3": "NNN", "nameEn": "Unknown", "nameDk": "Ukendt" },
  {
    "masterId": 0,
    "isoCodeA2": "UA",
    "isoCodeA3": "UKR",
    "nameEn": "Ukraine",
    "nameDk": "Ukraine"
  },
  { "masterId": 0, "isoCodeA2": "HU", "isoCodeA3": "HUN", "nameEn": "Hungary", "nameDk": "Ungarn" },
  {
    "masterId": 0,
    "isoCodeA2": "UY",
    "isoCodeA3": "URY",
    "nameEn": "Uruguay",
    "nameDk": "Uruguay"
  },
  {
    "masterId": 17,
    "isoCodeA2": "US",
    "isoCodeA3": "USA",
    "nameEn": "United States",
    "nameDk": "Usa"
  },
  {
    "masterId": 0,
    "isoCodeA2": "UM",
    "isoCodeA3": "UMI",
    "nameEn": "U.S. Outlying Islands",
    "nameDk": "USA's ydre småøer"
  },
  {
    "masterId": 0,
    "isoCodeA2": "UZ",
    "isoCodeA3": "UZB",
    "nameEn": "Uzbekistan",
    "nameDk": "Usbekistan"
  },
  {
    "masterId": 0,
    "isoCodeA2": "VU",
    "isoCodeA3": "VUT",
    "nameEn": "Vanuatu",
    "nameDk": "Vanuatu"
  },
  {
    "masterId": 0,
    "isoCodeA2": "VA",
    "isoCodeA3": "VAT",
    "nameEn": "Vatican City",
    "nameDk": "Vatikanstaten"
  },
  {
    "masterId": 0,
    "isoCodeA2": "VE",
    "isoCodeA3": "VEN",
    "nameEn": "Venezuela",
    "nameDk": "Venezuela"
  },
  {
    "masterId": 0,
    "isoCodeA2": "EH",
    "isoCodeA3": "ESH",
    "nameEn": "Western Sahara",
    "nameDk": "Vestsahara"
  },
  {
    "masterId": 0,
    "isoCodeA2": "VN",
    "isoCodeA3": "VNM",
    "nameEn": "Vietnam",
    "nameDk": "Vietnam"
  },
  {
    "masterId": 0,
    "isoCodeA2": "WF",
    "isoCodeA3": "WLF",
    "nameEn": "Wallis & Futuna",
    "nameDk": "Wallis og Futuna"
  },
  { "masterId": 0, "isoCodeA2": "YE", "isoCodeA3": "YEM", "nameEn": "Yemen", "nameDk": "Yemen" },
  { "masterId": 0, "isoCodeA2": "ZM", "isoCodeA3": "ZMB", "nameEn": "Zambia", "nameDk": "Zambia" },
  {
    "masterId": 0,
    "isoCodeA2": "ZW",
    "isoCodeA3": "ZWE",
    "nameEn": "Zimbabwe",
    "nameDk": "Zimbabwe"
  },
  {
    "masterId": 0,
    "isoCodeA2": "GQ",
    "isoCodeA3": "GNQ",
    "nameEn": "Equatorial Guinea",
    "nameDk": "Ækvatorialguinea"
  },
  { "masterId": 0, "isoCodeA2": "AT", "isoCodeA3": "AUT", "nameEn": "Austria", "nameDk": "Østrig" },
  {
    "masterId": 0,
    "isoCodeA2": "TL",
    "isoCodeA3": "TLS",
    "nameEn": "Timor-Leste",
    "nameDk": "Østtimor"
  },
  {
    "masterId": 0,
    "isoCodeA2": "AX",
    "isoCodeA3": "ALA",
    "nameEn": "Åland Islands",
    "nameDk": "Ålandsøerne"
  }
]
