[
  {
    "data": {
      "id": "019e324e-d41d-4dc2-b55e-a9f477540c52",
      "status": 1,
      "darstatus": 3,
      "vejkode": "2204",
      "vejnavn": "Asmild Ager",
      "adresseringsvejnavn": "Asmild Ager",
      "husnr": "2",
      "supplerendebynavn": null,
      "postnr": "8800",
      "postnrnavn": "Viborg",
      "stormodtagerpostnr": null,
      "stormodtagerpostnrnavn": null,
      "kommunekode": "0791",
      "x": 9.45864338,
      "y": 56.45303998,
      "href": "https://api.dataforsyningen.dk/adgangsadresser/019e324e-d41d-4dc2-b55e-a9f477540c52"
    },
    "stormodtagerpostnr": false,
    "type": "adgangsadresse",
    "tekst": "Asmild Ager 2, , 8800 Viborg",
    "forslagstekst": "Asmild Ager 2, 8800 Viborg",
    "caretpos": 15
  }
]
